dataset,adjacency,ratio,fold_gib,count
addneuromed,string,0.3,0.791,8
addneuromed,string,0.5,0.221,8
addneuromed,string,0.8,0.21,8
addneuromed,string,1.0,0.081,8
addneuromed,wgcna,0.3,8.753,8
addneuromed,wgcna,0.5,0.019,8
addneuromed,wgcna,0.8,0.009,8
addneuromed,wgcna,1.0,0.007,8
brca,string,0.3,0.377,8
brca,string,0.5,0.164,8
brca,string,0.8,0.006,8
brca,string,1.0,0.004,8
brca,wgcna,0.3,6.419,8
brca,wgcna,0.5,0.013,8
brca,wgcna,0.8,0.007,8
brca,wgcna,1.0,0.005,8
motrpac,string,0.3,0.994,8
motrpac,string,0.5,0.012,8
motrpac,string,0.8,0.272,8
motrpac,string,1.0,0.194,8
motrpac,wgcna,0.3,5.116,8
motrpac,wgcna,0.5,0.015,8
motrpac,wgcna,0.8,0.006,8
motrpac,wgcna,1.0,0.005,8
parkinsons,string,0.3,0.391,8
parkinsons,string,0.5,0.129,8
parkinsons,string,0.8,0.071,8
parkinsons,string,1.0,0.038,8
parkinsons,wgcna,0.3,4.195,8
parkinsons,wgcna,0.5,0.009,8
parkinsons,wgcna,0.8,0.004,8
parkinsons,wgcna,1.0,0.003,8
smoking,string,0.3,0.199,8
smoking,string,0.5,0.055,8
smoking,string,0.8,0.04,8
smoking,string,1.0,0.048,8
smoking,wgcna,0.3,1.236,8
smoking,wgcna,0.5,0.008,8
smoking,wgcna,0.8,0.004,8
smoking,wgcna,1.0,0.003,8
tuberculosis,string,0.3,0.614,8
tuberculosis,string,0.5,0.183,8
tuberculosis,string,0.8,0.084,8
tuberculosis,string,1.0,0.003,8
tuberculosis,wgcna,0.3,4.333,8
tuberculosis,wgcna,0.5,0.013,8
tuberculosis,wgcna,0.8,0.006,8
tuberculosis,wgcna,1.0,0.004,8
