model,dataset,adjacency,ratio,fold_seconds,count
chebnet,addneuromed,string,0.3,373.1,40
chebnet,addneuromed,string,0.5,371.6,35
chebnet,addneuromed,string,0.8,304.0,105
chebnet,addneuromed,wgcna,0.3,3153.8,33
chebnet,addneuromed,wgcna,0.5,797.2,70
chebnet,addneuromed,wgcna,0.8,325.9,105
chebnet,addneuromed,wgcna,1.0,277.5,70
chebnet,brca,string,0.3,411.0,40
chebnet,brca,string,0.5,340.6,70
chebnet,brca,string,0.8,273.5,105
chebnet,brca,string,1.0,261.1,70
chebnet,brca,wgcna,0.3,2225.9,42
chebnet,brca,wgcna,0.5,914.6,70
chebnet,brca,wgcna,1.0,347.9,70
chebnet,motrpac,string,0.3,326.4,40
chebnet,motrpac,string,0.5,266.7,70
chebnet,motrpac,string,0.8,328.9,35
chebnet,motrpac,string,1.0,240.8,70
chebnet,motrpac,wgcna,0.3,1923.8,47
chebnet,motrpac,wgcna,0.5,505.1,35
chebnet,motrpac,wgcna,0.8,364.3,70
chebnet,motrpac,wgcna,1.0,309.1,105
chebnet,parkinsons,string,0.3,392.0,40
chebnet,parkinsons,string,0.5,221.4,70
chebnet,parkinsons,string,0.8,158.4,35
chebnet,parkinsons,string,1.0,156.7,70
chebnet,parkinsons,wgcna,0.3,1765.2,45
chebnet,parkinsons,wgcna,0.5,413.0,35
chebnet,parkinsons,wgcna,0.8,233.0,70
chebnet,parkinsons,wgcna,1.0,204.0,35
chebnet,smoking,string,0.3,171.8,40
chebnet,smoking,string,0.5,133.6,70
chebnet,smoking,string,0.8,168.9,70
chebnet,smoking,wgcna,0.3,920.8,42
chebnet,smoking,wgcna,0.5,302.2,140
chebnet,smoking,wgcna,0.8,196.5,35
chebnet,smoking,wgcna,1.0,191.6,35
chebnet,tuberculosis,string,0.3,324.6,40
chebnet,tuberculosis,string,0.5,247.6,70
chebnet,tuberculosis,string,0.8,152.0,70
chebnet,tuberculosis,string,1.0,141.4,35
chebnet,tuberculosis,wgcna,0.3,1663.1,43
chebnet,tuberculosis,wgcna,0.5,415.7,70
chebnet,tuberculosis,wgcna,0.8,293.6,70
chebnet,tuberculosis,wgcna,1.0,195.1,35
gatv2,addneuromed,string,0.5,346.8,70
gatv2,addneuromed,string,0.8,519.8,105
gatv2,addneuromed,string,1.0,415.9,140
gatv2,addneuromed,wgcna,0.5,2385.2,44
gatv2,addneuromed,wgcna,0.8,1059.9,139
gatv2,addneuromed,wgcna,1.0,795.8,140
gatv2,brca,string,0.5,535.4,140
gatv2,brca,string,1.0,360.8,105
gatv2,brca,wgcna,0.5,1812.8,77
gatv2,brca,wgcna,0.8,1083.8,173
gatv2,brca,wgcna,1.0,674.7,140
gatv2,motrpac,string,0.5,519.0,175
gatv2,motrpac,string,0.8,387.2,175
gatv2,motrpac,string,1.0,346.8,105
gatv2,motrpac,wgcna,0.5,2016.1,132
gatv2,motrpac,wgcna,0.8,1009.7,106
gatv2,motrpac,wgcna,1.0,736.0,175
gatv2,parkinsons,string,0.5,225.3,210
gatv2,parkinsons,string,0.8,216.0,140
gatv2,parkinsons,string,1.0,206.2,105
gatv2,parkinsons,wgcna,0.5,733.1,35
gatv2,parkinsons,wgcna,0.8,440.9,245
gatv2,parkinsons,wgcna,1.0,367.5,175
gatv2,smoking,string,0.5,171.9,140
gatv2,smoking,string,0.8,159.7,140
gatv2,smoking,string,1.0,137.2,175
gatv2,smoking,wgcna,0.5,632.1,105
gatv2,smoking,wgcna,0.8,362.7,140
gatv2,smoking,wgcna,1.0,246.4,140
gatv2,tuberculosis,string,0.5,254.5,175
gatv2,tuberculosis,string,0.8,234.3,105
gatv2,tuberculosis,string,1.0,183.4,70
gatv2,tuberculosis,wgcna,0.5,804.8,105
gatv2,tuberculosis,wgcna,0.8,569.1,105
gatv2,tuberculosis,wgcna,1.0,452.9,175
gatv4,addneuromed,string,0.3,818.7,41
gatv4,addneuromed,string,0.5,517.9,35
gatv4,addneuromed,string,1.0,327.4,105
gatv4,addneuromed,wgcna,0.3,3600.8,14
gatv4,addneuromed,wgcna,0.5,1890.7,123
gatv4,addneuromed,wgcna,0.8,1692.1,35
gatv4,addneuromed,wgcna,1.0,810.3,140
gatv4,brca,string,0.3,600.1,40
gatv4,brca,string,0.5,112.6,105
gatv4,brca,string,0.8,205.3,210
gatv4,brca,string,1.0,180.0,35
gatv4,brca,wgcna,0.3,3600.6,19
gatv4,brca,wgcna,0.5,1416.3,83
gatv4,brca,wgcna,0.8,907.2,156
gatv4,brca,wgcna,1.0,487.4,93
gatv4,motrpac,string,0.3,1477.4,38
gatv4,motrpac,string,0.5,510.7,135
gatv4,motrpac,string,0.8,358.4,175
gatv4,motrpac,string,1.0,268.4,70
gatv4,motrpac,wgcna,0.3,3600.5,24
gatv4,motrpac,wgcna,0.5,1697.4,155
gatv4,motrpac,wgcna,0.8,896.1,173
gatv4,motrpac,wgcna,1.0,670.4,105
gatv4,parkinsons,string,0.3,603.5,40
gatv4,parkinsons,string,0.5,225.0,105
gatv4,parkinsons,string,0.8,185.3,105
gatv4,parkinsons,string,1.0,197.6,140
gatv4,parkinsons,wgcna,0.3,2786.5,39
gatv4,parkinsons,wgcna,0.5,977.4,102
gatv4,parkinsons,wgcna,0.8,387.6,35
gatv4,parkinsons,wgcna,1.0,333.0,70
gatv4,smoking,string,0.3,398.9,40
gatv4,smoking,string,0.5,127.1,105
gatv4,smoking,string,0.8,159.5,140
gatv4,smoking,string,1.0,168.8,140
gatv4,smoking,wgcna,0.3,1513.7,28
gatv4,smoking,wgcna,0.5,520.5,140
gatv4,smoking,wgcna,0.8,344.3,35
gatv4,smoking,wgcna,1.0,258.4,70
gatv4,tuberculosis,string,0.3,1017.4,40
gatv4,tuberculosis,string,0.5,299.7,175
gatv4,tuberculosis,string,0.8,227.6,70
gatv4,tuberculosis,string,1.0,185.2,210
gatv4,tuberculosis,wgcna,0.3,3449.9,31
gatv4,tuberculosis,wgcna,0.5,854.0,172
gatv4,tuberculosis,wgcna,0.8,529.4,175
gatv4,tuberculosis,wgcna,1.0,362.1,105
gcn,addneuromed,string,0.3,326.2,40
gcn,addneuromed,string,0.5,172.8,105
gcn,addneuromed,string,0.8,167.6,35
gcn,addneuromed,string,1.0,136.1,140
gcn,addneuromed,wgcna,0.3,1900.1,37
gcn,addneuromed,wgcna,0.5,388.5,70
gcn,addneuromed,wgcna,0.8,277.0,140
gcn,addneuromed,wgcna,1.0,189.2,140
gcn,brca,string,0.3,452.8,40
gcn,brca,string,0.5,192.3,105
gcn,brca,string,0.8,159.2,140
gcn,brca,string,1.0,119.3,175
gcn,brca,wgcna,0.3,1988.7,39
gcn,brca,wgcna,0.5,497.8,210
gcn,brca,wgcna,0.8,346.5,70
gcn,brca,wgcna,1.0,187.1,140
gcn,motrpac,string,0.3,258.3,40
gcn,motrpac,string,0.5,130.0,140
gcn,motrpac,string,0.8,98.2,70
gcn,motrpac,string,1.0,96.5,245
gcn,motrpac,wgcna,0.3,1391.3,40
gcn,motrpac,wgcna,0.5,379.0,210
gcn,motrpac,wgcna,0.8,183.5,35
gcn,motrpac,wgcna,1.0,176.4,140
gcn,parkinsons,string,0.3,137.5,40
gcn,parkinsons,string,0.5,100.4,105
gcn,parkinsons,string,0.8,87.8,140
gcn,parkinsons,string,1.0,77.1,105
gcn,parkinsons,wgcna,0.3,542.9,40
gcn,parkinsons,wgcna,0.5,193.2,105
gcn,parkinsons,wgcna,0.8,107.4,140
gcn,parkinsons,wgcna,1.0,89.8,210
gcn,smoking,string,0.3,144.2,40
gcn,smoking,string,0.5,132.6,175
gcn,smoking,string,0.8,97.9,140
gcn,smoking,string,1.0,101.1,140
gcn,smoking,wgcna,0.3,396.4,40
gcn,smoking,wgcna,0.5,245.1,105
gcn,smoking,wgcna,0.8,149.7,70
gcn,smoking,wgcna,1.0,136.1,70
gcn,tuberculosis,string,0.3,205.5,40
gcn,tuberculosis,string,0.5,156.5,140
gcn,tuberculosis,string,0.8,159.8,105
gcn,tuberculosis,string,1.0,172.5,210
gcn,tuberculosis,wgcna,0.3,883.9,40
gcn,tuberculosis,wgcna,0.5,443.1,70
gcn,tuberculosis,wgcna,0.8,200.0,175
gcn,tuberculosis,wgcna,1.0,150.8,70
gin,addneuromed,string,0.3,823.6,40
gin,addneuromed,string,0.5,514.6,105
gin,addneuromed,string,0.8,354.6,105
gin,addneuromed,string,1.0,293.9,175
gin,addneuromed,wgcna,0.3,2776.3,38
gin,addneuromed,wgcna,0.5,1393.0,186
gin,addneuromed,wgcna,0.8,681.3,210
gin,addneuromed,wgcna,1.0,751.0,70
gin,brca,string,0.3,543.2,40
gin,brca,string,0.5,396.8,70
gin,brca,string,0.8,320.2,140
gin,brca,string,1.0,168.6,70
gin,brca,wgcna,0.3,3600.6,23
gin,brca,wgcna,0.5,982.5,191
gin,brca,wgcna,0.8,738.3,105
gin,brca,wgcna,1.0,559.7,105
gin,motrpac,string,0.3,662.8,40
gin,motrpac,string,0.5,322.3,175
gin,motrpac,string,0.8,285.3,105
gin,motrpac,string,1.0,246.0,175
gin,motrpac,wgcna,0.3,2740.8,34
gin,motrpac,wgcna,0.5,1433.6,105
gin,motrpac,wgcna,0.8,664.2,245
gin,motrpac,wgcna,1.0,386.8,70
gin,parkinsons,string,0.3,743.5,40
gin,parkinsons,string,0.5,237.4,140
gin,parkinsons,string,0.8,182.8,175
gin,parkinsons,string,1.0,146.0,175
gin,parkinsons,wgcna,0.3,1658.7,33
gin,parkinsons,wgcna,0.5,601.1,140
gin,parkinsons,wgcna,0.8,368.1,210
gin,parkinsons,wgcna,1.0,308.4,70
gin,smoking,string,0.3,357.0,40
gin,smoking,string,0.5,141.2,140
gin,smoking,string,0.8,170.9,140
gin,smoking,string,1.0,130.6,105
gin,smoking,wgcna,0.3,1387.9,38
gin,smoking,wgcna,0.5,466.9,35
gin,smoking,wgcna,0.8,202.4,70
gin,smoking,wgcna,1.0,150.5,175
gin,tuberculosis,string,0.3,536.0,40
gin,tuberculosis,string,0.5,199.8,70
gin,tuberculosis,string,0.8,185.3,70
gin,tuberculosis,string,1.0,163.0,35
gin,tuberculosis,wgcna,0.3,3600.6,22
gin,tuberculosis,wgcna,0.5,835.8,99
gin,tuberculosis,wgcna,0.8,328.8,35
gin,tuberculosis,wgcna,1.0,347.9,140
gps,addneuromed,string,0.3,2108.8,33
gps,addneuromed,string,0.5,1235.3,70
gps,addneuromed,string,0.8,512.4,70
gps,addneuromed,string,1.0,392.1,105
gps,addneuromed,wgcna,0.3,3600.8,17
gps,addneuromed,wgcna,0.8,1411.3,70
gps,addneuromed,wgcna,1.0,1149.6,34
gps,brca,string,0.3,1029.5,40
gps,brca,string,0.5,753.2,105
gps,brca,wgcna,0.3,3600.9,21
gps,brca,wgcna,0.5,1702.8,93
gps,brca,wgcna,0.8,1281.3,62
gps,brca,wgcna,1.0,1198.9,36
gps,motrpac,string,0.3,1858.0,46
gps,motrpac,string,0.5,1302.4,35
gps,motrpac,string,0.8,478.6,70
gps,motrpac,string,1.0,497.3,70
gps,motrpac,wgcna,0.3,3167.5,29
gps,motrpac,wgcna,0.5,1553.5,35
gps,motrpac,wgcna,0.8,1383.2,138
gps,motrpac,wgcna,1.0,982.1,69
gps,parkinsons,string,0.3,574.1,41
gps,parkinsons,string,0.8,265.2,35
gps,parkinsons,string,1.0,270.2,70
gps,parkinsons,wgcna,0.3,2280.1,37
gps,parkinsons,wgcna,0.5,1422.6,68
gps,parkinsons,wgcna,0.8,449.9,35
gps,parkinsons,wgcna,1.0,434.3,70
gps,smoking,string,0.3,616.2,40
gps,smoking,string,0.5,279.1,35
gps,smoking,string,0.8,192.2,35
gps,smoking,string,1.0,221.8,105
gps,smoking,wgcna,0.3,3600.6,22
gps,smoking,wgcna,1.0,280.4,70
gps,tuberculosis,string,0.3,1135.5,41
gps,tuberculosis,string,0.5,600.0,105
gps,tuberculosis,string,0.8,401.8,70
gps,tuberculosis,string,1.0,324.7,35
gps,tuberculosis,wgcna,0.3,3600.6,22
gps,tuberculosis,wgcna,0.5,1068.7,31
gps,tuberculosis,wgcna,0.8,712.2,105
gps,tuberculosis,wgcna,1.0,661.5,70
graph_sage,addneuromed,string,0.5,329.3,139
graph_sage,addneuromed,string,0.8,308.1,105
graph_sage,addneuromed,string,1.0,252.8,105
graph_sage,addneuromed,wgcna,0.5,1151.5,40
graph_sage,addneuromed,wgcna,0.8,945.0,106
graph_sage,addneuromed,wgcna,1.0,619.3,175
graph_sage,brca,string,0.3,722.4,23
graph_sage,brca,string,0.8,362.9,140
graph_sage,brca,wgcna,0.5,1833.2,92
graph_sage,brca,wgcna,0.8,524.3,65
graph_sage,brca,wgcna,1.0,549.8,70
graph_sage,motrpac,string,0.3,570.8,10
graph_sage,motrpac,string,0.5,295.9,52
graph_sage,motrpac,string,0.8,229.4,45
graph_sage,motrpac,string,1.0,225.0,70
graph_sage,motrpac,wgcna,0.5,1094.2,53
graph_sage,motrpac,wgcna,0.8,670.5,163
graph_sage,motrpac,wgcna,1.0,399.7,105
graph_sage,parkinsons,string,0.3,536.1,18
graph_sage,parkinsons,string,0.5,211.4,105
graph_sage,parkinsons,string,0.8,166.1,70
graph_sage,parkinsons,string,1.0,194.7,70
graph_sage,parkinsons,wgcna,0.5,620.2,95
graph_sage,parkinsons,wgcna,0.8,371.3,70
graph_sage,parkinsons,wgcna,1.0,298.7,140
graph_sage,smoking,string,0.3,406.0,39
graph_sage,smoking,string,0.5,132.4,70
graph_sage,smoking,string,0.8,165.8,105
graph_sage,smoking,string,1.0,133.8,35
graph_sage,smoking,wgcna,0.3,2483.3,10
graph_sage,smoking,wgcna,0.5,454.3,35
graph_sage,smoking,wgcna,0.8,262.1,70
graph_sage,smoking,wgcna,1.0,220.7,70
graph_sage,tuberculosis,string,0.3,534.5,38
graph_sage,tuberculosis,string,0.5,204.5,35
graph_sage,tuberculosis,string,0.8,208.6,35
graph_sage,tuberculosis,string,1.0,189.2,105
graph_sage,tuberculosis,wgcna,0.5,649.0,66
graph_sage,tuberculosis,wgcna,0.8,314.4,35
graph_sage,tuberculosis,wgcna,1.0,271.2,140
mlp,addneuromed,string,0.3,46.2,20
mlp,addneuromed,string,0.5,59.6,70
mlp,addneuromed,string,0.8,47.0,35
mlp,addneuromed,string,1.0,46.3,35
mlp,addneuromed,wgcna,0.3,148.9,20
mlp,addneuromed,wgcna,0.8,55.8,35
mlp,addneuromed,wgcna,1.0,62.1,35
mlp,brca,string,0.3,43.2,20
mlp,brca,string,0.5,62.7,35
mlp,brca,wgcna,0.3,150.1,20
mlp,brca,wgcna,0.5,76.1,70
mlp,motrpac,string,0.3,51.6,20
mlp,motrpac,string,0.5,55.1,70
mlp,motrpac,string,1.0,48.9,70
mlp,motrpac,wgcna,0.3,133.3,20
mlp,motrpac,wgcna,0.5,54.0,35
mlp,motrpac,wgcna,0.8,53.9,35
mlp,parkinsons,string,0.3,46.1,20
mlp,parkinsons,string,0.5,43.5,35
mlp,parkinsons,string,0.8,78.6,70
mlp,parkinsons,string,1.0,74.4,35
mlp,parkinsons,wgcna,0.3,63.6,20
mlp,parkinsons,wgcna,0.5,73.7,70
mlp,parkinsons,wgcna,0.8,45.1,35
mlp,parkinsons,wgcna,1.0,47.6,35
mlp,smoking,string,0.3,37.0,20
mlp,smoking,string,0.5,91.3,35
mlp,smoking,string,0.8,127.9,35
mlp,smoking,string,1.0,94.5,70
mlp,smoking,wgcna,0.3,48.7,20
mlp,smoking,wgcna,0.5,108.4,35
mlp,smoking,wgcna,0.8,148.2,35
mlp,tuberculosis,string,0.3,59.8,20
mlp,tuberculosis,string,0.5,83.8,70
mlp,tuberculosis,string,1.0,124.2,35
mlp,tuberculosis,wgcna,0.3,92.3,20
mlp,tuberculosis,wgcna,0.5,153.1,35
mlp,tuberculosis,wgcna,1.0,57.2,35
sagn,addneuromed,string,0.3,237.3,40
sagn,addneuromed,string,0.8,222.8,140
sagn,addneuromed,string,1.0,183.1,35
sagn,addneuromed,wgcna,0.3,333.3,40
sagn,addneuromed,wgcna,0.5,304.7,105
sagn,addneuromed,wgcna,0.8,359.0,70
sagn,addneuromed,wgcna,1.0,229.3,70
sagn,brca,string,0.3,161.6,40
sagn,brca,string,0.5,227.0,70
sagn,brca,string,1.0,158.7,35
sagn,brca,wgcna,0.3,305.5,40
sagn,brca,wgcna,0.5,328.2,105
sagn,brca,wgcna,0.8,247.7,35
sagn,brca,wgcna,1.0,244.2,105
sagn,motrpac,string,0.3,163.5,40
sagn,motrpac,string,0.5,256.7,70
sagn,motrpac,string,0.8,197.5,140
sagn,motrpac,string,1.0,361.5,70
sagn,motrpac,wgcna,0.3,327.6,40
sagn,motrpac,wgcna,0.8,151.6,105
sagn,motrpac,wgcna,1.0,240.4,35
sagn,parkinsons,string,0.3,120.8,40
sagn,parkinsons,string,0.5,203.3,35
sagn,parkinsons,string,0.8,164.1,140
sagn,parkinsons,string,1.0,247.6,70
sagn,parkinsons,wgcna,0.3,111.5,40
sagn,parkinsons,wgcna,0.5,232.1,70
sagn,parkinsons,wgcna,0.8,209.6,70
sagn,parkinsons,wgcna,1.0,179.1,70
sagn,smoking,string,0.3,88.6,40
sagn,smoking,string,0.8,122.2,105
sagn,smoking,string,1.0,108.7,70
sagn,smoking,wgcna,0.3,140.6,40
sagn,smoking,wgcna,0.5,141.3,105
sagn,smoking,wgcna,0.8,115.0,105
sagn,smoking,wgcna,1.0,156.2,105
sagn,tuberculosis,string,0.3,88.9,40
sagn,tuberculosis,string,0.5,165.7,35
sagn,tuberculosis,string,0.8,127.7,35
sagn,tuberculosis,string,1.0,126.0,35
sagn,tuberculosis,wgcna,0.3,119.9,40
sagn,tuberculosis,wgcna,0.5,210.8,105
sagn,tuberculosis,wgcna,0.8,155.7,70
