,num_nodes,num_edges,avg_degree,density,number_connected_components,largest_cc_size,largest_cc_ratio,avg_path_length,clustering_coefficient,diameter,degree_std,degree_median,degree_max,degree_min,dataset_name,adj_thresh,node_sample_ratio
motrpac_p1.0,4976,879073,353.3251607717042,0.071020132818433,987,3966,0.7970257234726688,2.7461224951812984,0.7198276902948046,9,457.39177771569035,98.0,1353,2,motrpac,0.0229,1.0
motrpac_p0.8,571,28057,98.27320490367777,0.17240913140996098,167,365,0.6392294220665499,1.9281047719403883,0.806161047189558,7,102.52253931873989,38.0,272,2,motrpac,0.0229,0.8
motrpac_p0.5,914,52717,115.35448577680525,0.12634664378620508,298,556,0.6083150984682714,2.0302158273381297,0.7763716223586515,8,133.0350439452499,27.0,391,2,motrpac,0.0229,0.5
addneuromed_p1.0,17198,187105,21.758925456448424,0.0012652744930190397,14321,2851,0.16577509012675892,3.591219578233553,0.6715595066427373,12,75.54159703115774,2.0,691,2,addneuromed,0.1792,1.0
addneuromed_p0.8,621,27187,87.55877616747182,0.14122383252818035,53,557,0.8969404186795491,2.885195613706521,0.7999552067779487,8,67.98416866804007,93.0,209,2,addneuromed,0.1792,0.8
addneuromed_p0.5,994,51238,103.09456740442656,0.10382131662077196,81,908,0.9134808853118712,3.117823195993958,0.7488930008738036,11,90.25046252836317,77.0,304,2,addneuromed,0.1792,0.5
parkinsons_p1.0,21755,345286,31.743139508159043,0.0014591863339229127,16279,5377,0.24716157205240175,7.000023039599883,0.5855700988343894,23,114.13239773810272,2.0,1095,2,parkinsons,0.0463,1.0
parkinsons_p0.8,467,7036,30.132762312633833,0.06466258007002969,172,272,0.582441113490364,2.2813653136531364,0.685839873395963,6,36.091300141485895,9.0,137,2,parkinsons,0.0463,0.8
parkinsons_p0.5,748,12192,32.598930481283425,0.04363979984107553,288,420,0.5614973262032086,2.403659506762132,0.6570490845572636,7,43.787370275543765,7.0,178,2,parkinsons,0.0463,0.5
