dataset,adj_thresh,node_sample_ratio,method,num_nodes,num_edges,avg_degree,density_pct,avg_clustering_coeff,largest_cc_ratio_pct,avg_shortest_path_length,num_connected_components,degree_std,error
parkinsons,0.0,0.5,variance,,,,,,,,,,No module named 'PyWGCNA'
parkinsons,0.2,0.5,variance,,,,,,,,,,No module named 'PyWGCNA'
parkinsons,0.4,0.5,variance,,,,,,,,,,No module named 'PyWGCNA'
parkinsons,0.6,0.5,variance,,,,,,,,,,No module named 'PyWGCNA'
parkinsons,0.8,0.5,variance,,,,,,,,,,No module named 'PyWGCNA'
parkinsons,1.0,0.5,variance,,,,,,,,,,No module named 'PyWGCNA'
parkinsons,0.0,0.5,correlation,,,,,,,,,,No module named 'PyWGCNA'
parkinsons,0.2,0.5,correlation,,,,,,,,,,No module named 'PyWGCNA'
parkinsons,0.4,0.5,correlation,,,,,,,,,,No module named 'PyWGCNA'
parkinsons,0.6,0.5,correlation,,,,,,,,,,No module named 'PyWGCNA'
parkinsons,0.8,0.5,correlation,,,,,,,,,,No module named 'PyWGCNA'
parkinsons,1.0,0.5,correlation,,,,,,,,,,No module named 'PyWGCNA'
parkinsons,0.0,0.5,distance_correlation,,,,,,,,,,No module named 'PyWGCNA'
parkinsons,0.2,0.5,distance_correlation,,,,,,,,,,No module named 'PyWGCNA'
parkinsons,0.4,0.5,distance_correlation,,,,,,,,,,No module named 'PyWGCNA'
parkinsons,0.6,0.5,distance_correlation,,,,,,,,,,No module named 'PyWGCNA'
parkinsons,0.8,0.5,distance_correlation,,,,,,,,,,No module named 'PyWGCNA'
parkinsons,1.0,0.5,distance_correlation,,,,,,,,,,No module named 'PyWGCNA'
parkinsons,0.0,0.5,random,,,,,,,,,,No module named 'PyWGCNA'
parkinsons,0.2,0.5,random,,,,,,,,,,No module named 'PyWGCNA'
parkinsons,0.4,0.5,random,,,,,,,,,,No module named 'PyWGCNA'
parkinsons,0.6,0.5,random,,,,,,,,,,No module named 'PyWGCNA'
parkinsons,0.8,0.5,random,,,,,,,,,,No module named 'PyWGCNA'
parkinsons,1.0,0.5,random,,,,,,,,,,No module named 'PyWGCNA'
parkinsons,0.0,0.6,variance,,,,,,,,,,No module named 'PyWGCNA'
parkinsons,0.2,0.6,variance,,,,,,,,,,No module named 'PyWGCNA'
parkinsons,0.4,0.6,variance,,,,,,,,,,No module named 'PyWGCNA'
parkinsons,0.6,0.6,variance,,,,,,,,,,No module named 'PyWGCNA'
parkinsons,0.8,0.6,variance,,,,,,,,,,No module named 'PyWGCNA'
parkinsons,1.0,0.6,variance,,,,,,,,,,No module named 'PyWGCNA'
parkinsons,0.0,0.6,correlation,,,,,,,,,,No module named 'PyWGCNA'
parkinsons,0.2,0.6,correlation,,,,,,,,,,No module named 'PyWGCNA'
parkinsons,0.4,0.6,correlation,,,,,,,,,,No module named 'PyWGCNA'
parkinsons,0.6,0.6,correlation,,,,,,,,,,No module named 'PyWGCNA'
parkinsons,0.8,0.6,correlation,,,,,,,,,,No module named 'PyWGCNA'
parkinsons,1.0,0.6,correlation,,,,,,,,,,No module named 'PyWGCNA'
parkinsons,0.0,0.6,distance_correlation,,,,,,,,,,No module named 'PyWGCNA'
parkinsons,0.2,0.6,distance_correlation,,,,,,,,,,No module named 'PyWGCNA'
parkinsons,0.4,0.6,distance_correlation,,,,,,,,,,No module named 'PyWGCNA'
parkinsons,0.6,0.6,distance_correlation,,,,,,,,,,No module named 'PyWGCNA'
parkinsons,0.8,0.6,distance_correlation,,,,,,,,,,No module named 'PyWGCNA'
parkinsons,1.0,0.6,distance_correlation,,,,,,,,,,No module named 'PyWGCNA'
parkinsons,0.0,0.6,random,,,,,,,,,,No module named 'PyWGCNA'
parkinsons,0.2,0.6,random,,,,,,,,,,No module named 'PyWGCNA'
parkinsons,0.4,0.6,random,,,,,,,,,,No module named 'PyWGCNA'
parkinsons,0.6,0.6,random,,,,,,,,,,No module named 'PyWGCNA'
parkinsons,0.8,0.6,random,,,,,,,,,,No module named 'PyWGCNA'
parkinsons,1.0,0.6,random,,,,,,,,,,No module named 'PyWGCNA'
parkinsons,0.0,0.7,variance,,,,,,,,,,No module named 'PyWGCNA'
parkinsons,0.2,0.7,variance,,,,,,,,,,No module named 'PyWGCNA'
parkinsons,0.4,0.7,variance,,,,,,,,,,No module named 'PyWGCNA'
parkinsons,0.6,0.7,variance,,,,,,,,,,No module named 'PyWGCNA'
parkinsons,0.8,0.7,variance,,,,,,,,,,No module named 'PyWGCNA'
parkinsons,1.0,0.7,variance,,,,,,,,,,No module named 'PyWGCNA'
parkinsons,0.0,0.7,correlation,,,,,,,,,,No module named 'PyWGCNA'
parkinsons,0.2,0.7,correlation,,,,,,,,,,No module named 'PyWGCNA'
parkinsons,0.4,0.7,correlation,,,,,,,,,,No module named 'PyWGCNA'
parkinsons,0.6,0.7,correlation,,,,,,,,,,No module named 'PyWGCNA'
parkinsons,0.8,0.7,correlation,,,,,,,,,,No module named 'PyWGCNA'
parkinsons,1.0,0.7,correlation,,,,,,,,,,No module named 'PyWGCNA'
parkinsons,0.0,0.7,distance_correlation,,,,,,,,,,No module named 'PyWGCNA'
parkinsons,0.2,0.7,distance_correlation,,,,,,,,,,No module named 'PyWGCNA'
parkinsons,0.4,0.7,distance_correlation,,,,,,,,,,No module named 'PyWGCNA'
parkinsons,0.6,0.7,distance_correlation,,,,,,,,,,No module named 'PyWGCNA'
parkinsons,0.8,0.7,distance_correlation,,,,,,,,,,No module named 'PyWGCNA'
parkinsons,1.0,0.7,distance_correlation,,,,,,,,,,No module named 'PyWGCNA'
parkinsons,0.0,0.7,random,,,,,,,,,,No module named 'PyWGCNA'
parkinsons,0.2,0.7,random,,,,,,,,,,No module named 'PyWGCNA'
parkinsons,0.4,0.7,random,,,,,,,,,,No module named 'PyWGCNA'
parkinsons,0.6,0.7,random,,,,,,,,,,No module named 'PyWGCNA'
parkinsons,0.8,0.7,random,,,,,,,,,,No module named 'PyWGCNA'
parkinsons,1.0,0.7,random,,,,,,,,,,No module named 'PyWGCNA'
parkinsons,0.0,0.8,variance,,,,,,,,,,No module named 'PyWGCNA'
parkinsons,0.2,0.8,variance,,,,,,,,,,No module named 'PyWGCNA'
parkinsons,0.4,0.8,variance,,,,,,,,,,No module named 'PyWGCNA'
parkinsons,0.6,0.8,variance,,,,,,,,,,No module named 'PyWGCNA'
parkinsons,0.8,0.8,variance,,,,,,,,,,No module named 'PyWGCNA'
parkinsons,1.0,0.8,variance,,,,,,,,,,No module named 'PyWGCNA'
parkinsons,0.0,0.8,correlation,,,,,,,,,,No module named 'PyWGCNA'
parkinsons,0.2,0.8,correlation,,,,,,,,,,No module named 'PyWGCNA'
parkinsons,0.4,0.8,correlation,,,,,,,,,,No module named 'PyWGCNA'
parkinsons,0.6,0.8,correlation,,,,,,,,,,No module named 'PyWGCNA'
parkinsons,0.8,0.8,correlation,,,,,,,,,,No module named 'PyWGCNA'
parkinsons,1.0,0.8,correlation,,,,,,,,,,No module named 'PyWGCNA'
parkinsons,0.0,0.8,distance_correlation,,,,,,,,,,No module named 'PyWGCNA'
parkinsons,0.2,0.8,distance_correlation,,,,,,,,,,No module named 'PyWGCNA'
parkinsons,0.4,0.8,distance_correlation,,,,,,,,,,No module named 'PyWGCNA'
parkinsons,0.6,0.8,distance_correlation,,,,,,,,,,No module named 'PyWGCNA'
parkinsons,0.8,0.8,distance_correlation,,,,,,,,,,No module named 'PyWGCNA'
parkinsons,1.0,0.8,distance_correlation,,,,,,,,,,No module named 'PyWGCNA'
parkinsons,0.0,0.8,random,,,,,,,,,,No module named 'PyWGCNA'
parkinsons,0.2,0.8,random,,,,,,,,,,No module named 'PyWGCNA'
parkinsons,0.4,0.8,random,,,,,,,,,,No module named 'PyWGCNA'
parkinsons,0.6,0.8,random,,,,,,,,,,No module named 'PyWGCNA'
parkinsons,0.8,0.8,random,,,,,,,,,,No module named 'PyWGCNA'
parkinsons,1.0,0.8,random,,,,,,,,,,No module named 'PyWGCNA'
parkinsons,0.0,0.9,variance,,,,,,,,,,No module named 'PyWGCNA'
parkinsons,0.2,0.9,variance,,,,,,,,,,No module named 'PyWGCNA'
parkinsons,0.4,0.9,variance,,,,,,,,,,No module named 'PyWGCNA'
parkinsons,0.6,0.9,variance,,,,,,,,,,No module named 'PyWGCNA'
parkinsons,0.8,0.9,variance,,,,,,,,,,No module named 'PyWGCNA'
parkinsons,1.0,0.9,variance,,,,,,,,,,No module named 'PyWGCNA'
parkinsons,0.0,0.9,correlation,,,,,,,,,,No module named 'PyWGCNA'
parkinsons,0.2,0.9,correlation,,,,,,,,,,No module named 'PyWGCNA'
parkinsons,0.4,0.9,correlation,,,,,,,,,,No module named 'PyWGCNA'
parkinsons,0.6,0.9,correlation,,,,,,,,,,No module named 'PyWGCNA'
parkinsons,0.8,0.9,correlation,,,,,,,,,,No module named 'PyWGCNA'
parkinsons,1.0,0.9,correlation,,,,,,,,,,No module named 'PyWGCNA'
parkinsons,0.0,0.9,distance_correlation,,,,,,,,,,No module named 'PyWGCNA'
parkinsons,0.2,0.9,distance_correlation,,,,,,,,,,No module named 'PyWGCNA'
parkinsons,0.4,0.9,distance_correlation,,,,,,,,,,No module named 'PyWGCNA'
parkinsons,0.6,0.9,distance_correlation,,,,,,,,,,No module named 'PyWGCNA'
parkinsons,0.8,0.9,distance_correlation,,,,,,,,,,No module named 'PyWGCNA'
parkinsons,1.0,0.9,distance_correlation,,,,,,,,,,No module named 'PyWGCNA'
parkinsons,0.0,0.9,random,,,,,,,,,,No module named 'PyWGCNA'
parkinsons,0.2,0.9,random,,,,,,,,,,No module named 'PyWGCNA'
parkinsons,0.4,0.9,random,,,,,,,,,,No module named 'PyWGCNA'
parkinsons,0.6,0.9,random,,,,,,,,,,No module named 'PyWGCNA'
parkinsons,0.8,0.9,random,,,,,,,,,,No module named 'PyWGCNA'
parkinsons,1.0,0.9,random,,,,,,,,,,No module named 'PyWGCNA'
