dataset,adj_thresh,node_sample_ratio,method,adjacency_method,num_nodes,num_edges,avg_degree,density_pct,largest_cc_ratio_pct,num_connected_components,degree_std,error
addneuromed,0.0,full,variance,string,,,,,,,,[Errno 13] Permission denied: '/scratch'
addneuromed,0.0,full,variance,wgcna,,,,,,,,[Errno 13] Permission denied: '/scratch'
addneuromed,0.11,full,variance,string,,,,,,,,[Errno 13] Permission denied: '/scratch'
addneuromed,0.11,full,variance,wgcna,,,,,,,,[Errno 13] Permission denied: '/scratch'
addneuromed,0.22,full,variance,string,,,,,,,,[Errno 13] Permission denied: '/scratch'
addneuromed,0.22,full,variance,wgcna,,,,,,,,[Errno 13] Permission denied: '/scratch'
addneuromed,0.33,full,variance,string,,,,,,,,[Errno 13] Permission denied: '/scratch'
addneuromed,0.33,full,variance,wgcna,,,,,,,,[Errno 13] Permission denied: '/scratch'
addneuromed,0.44,full,variance,string,,,,,,,,[Errno 13] Permission denied: '/scratch'
addneuromed,0.44,full,variance,wgcna,,,,,,,,[Errno 13] Permission denied: '/scratch'
addneuromed,0.56,full,variance,string,,,,,,,,[Errno 13] Permission denied: '/scratch'
addneuromed,0.56,full,variance,wgcna,,,,,,,,[Errno 13] Permission denied: '/scratch'
addneuromed,0.67,full,variance,string,,,,,,,,[Errno 13] Permission denied: '/scratch'
addneuromed,0.67,full,variance,wgcna,,,,,,,,[Errno 13] Permission denied: '/scratch'
addneuromed,0.78,full,variance,string,,,,,,,,[Errno 13] Permission denied: '/scratch'
addneuromed,0.78,full,variance,wgcna,,,,,,,,[Errno 13] Permission denied: '/scratch'
addneuromed,0.89,full,variance,string,,,,,,,,[Errno 13] Permission denied: '/scratch'
addneuromed,0.89,full,variance,wgcna,,,,,,,,[Errno 13] Permission denied: '/scratch'
addneuromed,1.0,full,variance,string,,,,,,,,[Errno 13] Permission denied: '/scratch'
addneuromed,1.0,full,variance,wgcna,,,,,,,,[Errno 13] Permission denied: '/scratch'
addneuromed,0.0,full,random,string,,,,,,,,[Errno 13] Permission denied: '/scratch'
addneuromed,0.0,full,random,wgcna,,,,,,,,[Errno 13] Permission denied: '/scratch'
addneuromed,0.11,full,random,string,,,,,,,,[Errno 13] Permission denied: '/scratch'
addneuromed,0.11,full,random,wgcna,,,,,,,,[Errno 13] Permission denied: '/scratch'
addneuromed,0.22,full,random,string,,,,,,,,[Errno 13] Permission denied: '/scratch'
addneuromed,0.22,full,random,wgcna,,,,,,,,[Errno 13] Permission denied: '/scratch'
addneuromed,0.33,full,random,string,,,,,,,,[Errno 13] Permission denied: '/scratch'
addneuromed,0.33,full,random,wgcna,,,,,,,,[Errno 13] Permission denied: '/scratch'
addneuromed,0.44,full,random,string,,,,,,,,[Errno 13] Permission denied: '/scratch'
addneuromed,0.44,full,random,wgcna,,,,,,,,[Errno 13] Permission denied: '/scratch'
addneuromed,0.56,full,random,string,,,,,,,,[Errno 13] Permission denied: '/scratch'
addneuromed,0.56,full,random,wgcna,,,,,,,,[Errno 13] Permission denied: '/scratch'
addneuromed,0.67,full,random,string,,,,,,,,[Errno 13] Permission denied: '/scratch'
addneuromed,0.67,full,random,wgcna,,,,,,,,[Errno 13] Permission denied: '/scratch'
addneuromed,0.78,full,random,string,,,,,,,,[Errno 13] Permission denied: '/scratch'
addneuromed,0.78,full,random,wgcna,,,,,,,,[Errno 13] Permission denied: '/scratch'
addneuromed,0.89,full,random,string,,,,,,,,[Errno 13] Permission denied: '/scratch'
addneuromed,0.89,full,random,wgcna,,,,,,,,[Errno 13] Permission denied: '/scratch'
addneuromed,1.0,full,random,string,,,,,,,,[Errno 13] Permission denied: '/scratch'
addneuromed,1.0,full,random,wgcna,,,,,,,,[Errno 13] Permission denied: '/scratch'
addneuromed,0.0,full,correlation,string,,,,,,,,[Errno 13] Permission denied: '/scratch'
addneuromed,0.0,full,correlation,wgcna,,,,,,,,[Errno 13] Permission denied: '/scratch'
addneuromed,0.11,full,correlation,string,,,,,,,,[Errno 13] Permission denied: '/scratch'
addneuromed,0.11,full,correlation,wgcna,,,,,,,,[Errno 13] Permission denied: '/scratch'
addneuromed,0.22,full,correlation,string,,,,,,,,[Errno 13] Permission denied: '/scratch'
addneuromed,0.22,full,correlation,wgcna,,,,,,,,[Errno 13] Permission denied: '/scratch'
addneuromed,0.33,full,correlation,string,,,,,,,,[Errno 13] Permission denied: '/scratch'
addneuromed,0.33,full,correlation,wgcna,,,,,,,,[Errno 13] Permission denied: '/scratch'
addneuromed,0.44,full,correlation,string,,,,,,,,[Errno 13] Permission denied: '/scratch'
addneuromed,0.44,full,correlation,wgcna,,,,,,,,[Errno 13] Permission denied: '/scratch'
addneuromed,0.56,full,correlation,string,,,,,,,,[Errno 13] Permission denied: '/scratch'
addneuromed,0.56,full,correlation,wgcna,,,,,,,,[Errno 13] Permission denied: '/scratch'
addneuromed,0.67,full,correlation,string,,,,,,,,[Errno 13] Permission denied: '/scratch'
addneuromed,0.67,full,correlation,wgcna,,,,,,,,[Errno 13] Permission denied: '/scratch'
addneuromed,0.78,full,correlation,string,,,,,,,,[Errno 13] Permission denied: '/scratch'
addneuromed,0.78,full,correlation,wgcna,,,,,,,,[Errno 13] Permission denied: '/scratch'
addneuromed,0.89,full,correlation,string,,,,,,,,[Errno 13] Permission denied: '/scratch'
addneuromed,0.89,full,correlation,wgcna,,,,,,,,[Errno 13] Permission denied: '/scratch'
addneuromed,1.0,full,correlation,string,,,,,,,,[Errno 13] Permission denied: '/scratch'
addneuromed,1.0,full,correlation,wgcna,,,,,,,,[Errno 13] Permission denied: '/scratch'
addneuromed,0.0,full,distance_correlation,string,,,,,,,,[Errno 13] Permission denied: '/scratch'
addneuromed,0.0,full,distance_correlation,wgcna,,,,,,,,[Errno 13] Permission denied: '/scratch'
addneuromed,0.11,full,distance_correlation,string,,,,,,,,[Errno 13] Permission denied: '/scratch'
addneuromed,0.11,full,distance_correlation,wgcna,,,,,,,,[Errno 13] Permission denied: '/scratch'
addneuromed,0.22,full,distance_correlation,string,,,,,,,,[Errno 13] Permission denied: '/scratch'
addneuromed,0.22,full,distance_correlation,wgcna,,,,,,,,[Errno 13] Permission denied: '/scratch'
addneuromed,0.33,full,distance_correlation,string,,,,,,,,[Errno 13] Permission denied: '/scratch'
addneuromed,0.33,full,distance_correlation,wgcna,,,,,,,,[Errno 13] Permission denied: '/scratch'
addneuromed,0.44,full,distance_correlation,string,,,,,,,,[Errno 13] Permission denied: '/scratch'
addneuromed,0.44,full,distance_correlation,wgcna,,,,,,,,[Errno 13] Permission denied: '/scratch'
addneuromed,0.56,full,distance_correlation,string,,,,,,,,[Errno 13] Permission denied: '/scratch'
addneuromed,0.56,full,distance_correlation,wgcna,,,,,,,,[Errno 13] Permission denied: '/scratch'
addneuromed,0.67,full,distance_correlation,string,,,,,,,,[Errno 13] Permission denied: '/scratch'
addneuromed,0.67,full,distance_correlation,wgcna,,,,,,,,[Errno 13] Permission denied: '/scratch'
addneuromed,0.78,full,distance_correlation,string,,,,,,,,[Errno 13] Permission denied: '/scratch'
addneuromed,0.78,full,distance_correlation,wgcna,,,,,,,,[Errno 13] Permission denied: '/scratch'
addneuromed,0.89,full,distance_correlation,string,,,,,,,,[Errno 13] Permission denied: '/scratch'
addneuromed,0.89,full,distance_correlation,wgcna,,,,,,,,[Errno 13] Permission denied: '/scratch'
addneuromed,1.0,full,distance_correlation,string,,,,,,,,[Errno 13] Permission denied: '/scratch'
addneuromed,1.0,full,distance_correlation,wgcna,,,,,,,,[Errno 13] Permission denied: '/scratch'
addneuromed,0.0,1.0,variance,string,,,,,,,,[Errno 13] Permission denied: '/scratch'
addneuromed,0.0,1.0,variance,wgcna,,,,,,,,[Errno 13] Permission denied: '/scratch'
addneuromed,0.11,1.0,variance,string,,,,,,,,[Errno 13] Permission denied: '/scratch'
addneuromed,0.11,1.0,variance,wgcna,,,,,,,,[Errno 13] Permission denied: '/scratch'
addneuromed,0.22,1.0,variance,string,,,,,,,,[Errno 13] Permission denied: '/scratch'
addneuromed,0.22,1.0,variance,wgcna,,,,,,,,[Errno 13] Permission denied: '/scratch'
addneuromed,0.33,1.0,variance,string,,,,,,,,[Errno 13] Permission denied: '/scratch'
addneuromed,0.33,1.0,variance,wgcna,,,,,,,,[Errno 13] Permission denied: '/scratch'
addneuromed,0.44,1.0,variance,string,,,,,,,,[Errno 13] Permission denied: '/scratch'
addneuromed,0.44,1.0,variance,wgcna,,,,,,,,[Errno 13] Permission denied: '/scratch'
addneuromed,0.56,1.0,variance,string,,,,,,,,[Errno 13] Permission denied: '/scratch'
addneuromed,0.56,1.0,variance,wgcna,,,,,,,,[Errno 13] Permission denied: '/scratch'
addneuromed,0.67,1.0,variance,string,,,,,,,,[Errno 13] Permission denied: '/scratch'
addneuromed,0.67,1.0,variance,wgcna,,,,,,,,[Errno 13] Permission denied: '/scratch'
addneuromed,0.78,1.0,variance,string,,,,,,,,[Errno 13] Permission denied: '/scratch'
addneuromed,0.78,1.0,variance,wgcna,,,,,,,,[Errno 13] Permission denied: '/scratch'
addneuromed,0.89,1.0,variance,string,,,,,,,,[Errno 13] Permission denied: '/scratch'
addneuromed,0.89,1.0,variance,wgcna,,,,,,,,[Errno 13] Permission denied: '/scratch'
addneuromed,1.0,1.0,variance,string,,,,,,,,[Errno 13] Permission denied: '/scratch'
addneuromed,1.0,1.0,variance,wgcna,,,,,,,,[Errno 13] Permission denied: '/scratch'
addneuromed,0.0,1.0,random,string,,,,,,,,[Errno 13] Permission denied: '/scratch'
addneuromed,0.0,1.0,random,wgcna,,,,,,,,[Errno 13] Permission denied: '/scratch'
addneuromed,0.11,1.0,random,string,,,,,,,,[Errno 13] Permission denied: '/scratch'
addneuromed,0.11,1.0,random,wgcna,,,,,,,,[Errno 13] Permission denied: '/scratch'
addneuromed,0.22,1.0,random,string,,,,,,,,[Errno 13] Permission denied: '/scratch'
addneuromed,0.22,1.0,random,wgcna,,,,,,,,[Errno 13] Permission denied: '/scratch'
addneuromed,0.33,1.0,random,string,,,,,,,,[Errno 13] Permission denied: '/scratch'
addneuromed,0.33,1.0,random,wgcna,,,,,,,,[Errno 13] Permission denied: '/scratch'
addneuromed,0.44,1.0,random,string,,,,,,,,[Errno 13] Permission denied: '/scratch'
addneuromed,0.44,1.0,random,wgcna,,,,,,,,[Errno 13] Permission denied: '/scratch'
addneuromed,0.56,1.0,random,string,,,,,,,,[Errno 13] Permission denied: '/scratch'
addneuromed,0.56,1.0,random,wgcna,,,,,,,,[Errno 13] Permission denied: '/scratch'
addneuromed,0.67,1.0,random,string,,,,,,,,[Errno 13] Permission denied: '/scratch'
addneuromed,0.67,1.0,random,wgcna,,,,,,,,[Errno 13] Permission denied: '/scratch'
addneuromed,0.78,1.0,random,string,,,,,,,,[Errno 13] Permission denied: '/scratch'
addneuromed,0.78,1.0,random,wgcna,,,,,,,,[Errno 13] Permission denied: '/scratch'
addneuromed,0.89,1.0,random,string,,,,,,,,[Errno 13] Permission denied: '/scratch'
addneuromed,0.89,1.0,random,wgcna,,,,,,,,[Errno 13] Permission denied: '/scratch'
addneuromed,1.0,1.0,random,string,,,,,,,,[Errno 13] Permission denied: '/scratch'
addneuromed,1.0,1.0,random,wgcna,,,,,,,,[Errno 13] Permission denied: '/scratch'
addneuromed,0.0,1.0,correlation,string,,,,,,,,[Errno 13] Permission denied: '/scratch'
addneuromed,0.0,1.0,correlation,wgcna,,,,,,,,[Errno 13] Permission denied: '/scratch'
addneuromed,0.11,1.0,correlation,string,,,,,,,,[Errno 13] Permission denied: '/scratch'
addneuromed,0.11,1.0,correlation,wgcna,,,,,,,,[Errno 13] Permission denied: '/scratch'
addneuromed,0.22,1.0,correlation,string,,,,,,,,[Errno 13] Permission denied: '/scratch'
addneuromed,0.22,1.0,correlation,wgcna,,,,,,,,[Errno 13] Permission denied: '/scratch'
addneuromed,0.33,1.0,correlation,string,,,,,,,,[Errno 13] Permission denied: '/scratch'
addneuromed,0.33,1.0,correlation,wgcna,,,,,,,,[Errno 13] Permission denied: '/scratch'
addneuromed,0.44,1.0,correlation,string,,,,,,,,[Errno 13] Permission denied: '/scratch'
addneuromed,0.44,1.0,correlation,wgcna,,,,,,,,[Errno 13] Permission denied: '/scratch'
addneuromed,0.56,1.0,correlation,string,,,,,,,,[Errno 13] Permission denied: '/scratch'
addneuromed,0.56,1.0,correlation,wgcna,,,,,,,,[Errno 13] Permission denied: '/scratch'
addneuromed,0.67,1.0,correlation,string,,,,,,,,[Errno 13] Permission denied: '/scratch'
addneuromed,0.67,1.0,correlation,wgcna,,,,,,,,[Errno 13] Permission denied: '/scratch'
addneuromed,0.78,1.0,correlation,string,,,,,,,,[Errno 13] Permission denied: '/scratch'
addneuromed,0.78,1.0,correlation,wgcna,,,,,,,,[Errno 13] Permission denied: '/scratch'
addneuromed,0.89,1.0,correlation,string,,,,,,,,[Errno 13] Permission denied: '/scratch'
addneuromed,0.89,1.0,correlation,wgcna,,,,,,,,[Errno 13] Permission denied: '/scratch'
addneuromed,1.0,1.0,correlation,string,,,,,,,,[Errno 13] Permission denied: '/scratch'
addneuromed,1.0,1.0,correlation,wgcna,,,,,,,,[Errno 13] Permission denied: '/scratch'
addneuromed,0.0,1.0,distance_correlation,string,,,,,,,,[Errno 13] Permission denied: '/scratch'
addneuromed,0.0,1.0,distance_correlation,wgcna,,,,,,,,[Errno 13] Permission denied: '/scratch'
addneuromed,0.11,1.0,distance_correlation,string,,,,,,,,[Errno 13] Permission denied: '/scratch'
addneuromed,0.11,1.0,distance_correlation,wgcna,,,,,,,,[Errno 13] Permission denied: '/scratch'
addneuromed,0.22,1.0,distance_correlation,string,,,,,,,,[Errno 13] Permission denied: '/scratch'
addneuromed,0.22,1.0,distance_correlation,wgcna,,,,,,,,[Errno 13] Permission denied: '/scratch'
addneuromed,0.33,1.0,distance_correlation,string,,,,,,,,[Errno 13] Permission denied: '/scratch'
addneuromed,0.33,1.0,distance_correlation,wgcna,,,,,,,,[Errno 13] Permission denied: '/scratch'
addneuromed,0.44,1.0,distance_correlation,string,,,,,,,,[Errno 13] Permission denied: '/scratch'
addneuromed,0.44,1.0,distance_correlation,wgcna,,,,,,,,[Errno 13] Permission denied: '/scratch'
addneuromed,0.56,1.0,distance_correlation,string,,,,,,,,[Errno 13] Permission denied: '/scratch'
addneuromed,0.56,1.0,distance_correlation,wgcna,,,,,,,,[Errno 13] Permission denied: '/scratch'
addneuromed,0.67,1.0,distance_correlation,string,,,,,,,,[Errno 13] Permission denied: '/scratch'
addneuromed,0.67,1.0,distance_correlation,wgcna,,,,,,,,[Errno 13] Permission denied: '/scratch'
addneuromed,0.78,1.0,distance_correlation,string,,,,,,,,[Errno 13] Permission denied: '/scratch'
addneuromed,0.78,1.0,distance_correlation,wgcna,,,,,,,,[Errno 13] Permission denied: '/scratch'
addneuromed,0.89,1.0,distance_correlation,string,,,,,,,,[Errno 13] Permission denied: '/scratch'
addneuromed,0.89,1.0,distance_correlation,wgcna,,,,,,,,[Errno 13] Permission denied: '/scratch'
addneuromed,1.0,1.0,distance_correlation,string,,,,,,,,[Errno 13] Permission denied: '/scratch'
addneuromed,1.0,1.0,distance_correlation,wgcna,,,,,,,,[Errno 13] Permission denied: '/scratch'
addneuromed,0.0,0.5,variance,string,,,,,,,,[Errno 13] Permission denied: '/scratch'
addneuromed,0.0,0.5,variance,wgcna,,,,,,,,[Errno 13] Permission denied: '/scratch'
addneuromed,0.11,0.5,variance,string,,,,,,,,[Errno 13] Permission denied: '/scratch'
addneuromed,0.11,0.5,variance,wgcna,,,,,,,,[Errno 13] Permission denied: '/scratch'
addneuromed,0.22,0.5,variance,string,,,,,,,,[Errno 13] Permission denied: '/scratch'
addneuromed,0.22,0.5,variance,wgcna,,,,,,,,[Errno 13] Permission denied: '/scratch'
addneuromed,0.33,0.5,variance,string,,,,,,,,[Errno 13] Permission denied: '/scratch'
addneuromed,0.33,0.5,variance,wgcna,,,,,,,,[Errno 13] Permission denied: '/scratch'
addneuromed,0.44,0.5,variance,string,,,,,,,,[Errno 13] Permission denied: '/scratch'
addneuromed,0.44,0.5,variance,wgcna,,,,,,,,[Errno 13] Permission denied: '/scratch'
addneuromed,0.56,0.5,variance,string,,,,,,,,[Errno 13] Permission denied: '/scratch'
addneuromed,0.56,0.5,variance,wgcna,,,,,,,,[Errno 13] Permission denied: '/scratch'
addneuromed,0.67,0.5,variance,string,,,,,,,,[Errno 13] Permission denied: '/scratch'
addneuromed,0.67,0.5,variance,wgcna,,,,,,,,[Errno 13] Permission denied: '/scratch'
addneuromed,0.78,0.5,variance,string,,,,,,,,[Errno 13] Permission denied: '/scratch'
addneuromed,0.78,0.5,variance,wgcna,,,,,,,,[Errno 13] Permission denied: '/scratch'
addneuromed,0.89,0.5,variance,string,,,,,,,,[Errno 13] Permission denied: '/scratch'
addneuromed,0.89,0.5,variance,wgcna,,,,,,,,[Errno 13] Permission denied: '/scratch'
addneuromed,1.0,0.5,variance,string,,,,,,,,[Errno 13] Permission denied: '/scratch'
addneuromed,1.0,0.5,variance,wgcna,,,,,,,,[Errno 13] Permission denied: '/scratch'
addneuromed,0.0,0.5,random,string,,,,,,,,[Errno 13] Permission denied: '/scratch'
addneuromed,0.0,0.5,random,wgcna,,,,,,,,[Errno 13] Permission denied: '/scratch'
addneuromed,0.11,0.5,random,string,,,,,,,,[Errno 13] Permission denied: '/scratch'
addneuromed,0.11,0.5,random,wgcna,,,,,,,,[Errno 13] Permission denied: '/scratch'
addneuromed,0.22,0.5,random,string,,,,,,,,[Errno 13] Permission denied: '/scratch'
addneuromed,0.22,0.5,random,wgcna,,,,,,,,[Errno 13] Permission denied: '/scratch'
addneuromed,0.33,0.5,random,string,,,,,,,,[Errno 13] Permission denied: '/scratch'
addneuromed,0.33,0.5,random,wgcna,,,,,,,,[Errno 13] Permission denied: '/scratch'
addneuromed,0.44,0.5,random,string,,,,,,,,[Errno 13] Permission denied: '/scratch'
addneuromed,0.44,0.5,random,wgcna,,,,,,,,[Errno 13] Permission denied: '/scratch'
addneuromed,0.56,0.5,random,string,,,,,,,,[Errno 13] Permission denied: '/scratch'
addneuromed,0.56,0.5,random,wgcna,,,,,,,,[Errno 13] Permission denied: '/scratch'
addneuromed,0.67,0.5,random,string,,,,,,,,[Errno 13] Permission denied: '/scratch'
addneuromed,0.67,0.5,random,wgcna,,,,,,,,[Errno 13] Permission denied: '/scratch'
addneuromed,0.78,0.5,random,string,,,,,,,,[Errno 13] Permission denied: '/scratch'
addneuromed,0.78,0.5,random,wgcna,,,,,,,,[Errno 13] Permission denied: '/scratch'
addneuromed,0.89,0.5,random,string,,,,,,,,[Errno 13] Permission denied: '/scratch'
addneuromed,0.89,0.5,random,wgcna,,,,,,,,[Errno 13] Permission denied: '/scratch'
addneuromed,1.0,0.5,random,string,,,,,,,,[Errno 13] Permission denied: '/scratch'
addneuromed,1.0,0.5,random,wgcna,,,,,,,,[Errno 13] Permission denied: '/scratch'
addneuromed,0.0,0.5,correlation,string,,,,,,,,[Errno 13] Permission denied: '/scratch'
addneuromed,0.0,0.5,correlation,wgcna,,,,,,,,[Errno 13] Permission denied: '/scratch'
addneuromed,0.11,0.5,correlation,string,,,,,,,,[Errno 13] Permission denied: '/scratch'
addneuromed,0.11,0.5,correlation,wgcna,,,,,,,,[Errno 13] Permission denied: '/scratch'
addneuromed,0.22,0.5,correlation,string,,,,,,,,[Errno 13] Permission denied: '/scratch'
addneuromed,0.22,0.5,correlation,wgcna,,,,,,,,[Errno 13] Permission denied: '/scratch'
addneuromed,0.33,0.5,correlation,string,,,,,,,,[Errno 13] Permission denied: '/scratch'
addneuromed,0.33,0.5,correlation,wgcna,,,,,,,,[Errno 13] Permission denied: '/scratch'
addneuromed,0.44,0.5,correlation,string,,,,,,,,[Errno 13] Permission denied: '/scratch'
addneuromed,0.44,0.5,correlation,wgcna,,,,,,,,[Errno 13] Permission denied: '/scratch'
addneuromed,0.56,0.5,correlation,string,,,,,,,,[Errno 13] Permission denied: '/scratch'
addneuromed,0.56,0.5,correlation,wgcna,,,,,,,,[Errno 13] Permission denied: '/scratch'
addneuromed,0.67,0.5,correlation,string,,,,,,,,[Errno 13] Permission denied: '/scratch'
addneuromed,0.67,0.5,correlation,wgcna,,,,,,,,[Errno 13] Permission denied: '/scratch'
addneuromed,0.78,0.5,correlation,string,,,,,,,,[Errno 13] Permission denied: '/scratch'
addneuromed,0.78,0.5,correlation,wgcna,,,,,,,,[Errno 13] Permission denied: '/scratch'
addneuromed,0.89,0.5,correlation,string,,,,,,,,[Errno 13] Permission denied: '/scratch'
addneuromed,0.89,0.5,correlation,wgcna,,,,,,,,[Errno 13] Permission denied: '/scratch'
addneuromed,1.0,0.5,correlation,string,,,,,,,,[Errno 13] Permission denied: '/scratch'
addneuromed,1.0,0.5,correlation,wgcna,,,,,,,,[Errno 13] Permission denied: '/scratch'
addneuromed,0.0,0.5,distance_correlation,string,,,,,,,,[Errno 13] Permission denied: '/scratch'
addneuromed,0.0,0.5,distance_correlation,wgcna,,,,,,,,[Errno 13] Permission denied: '/scratch'
addneuromed,0.11,0.5,distance_correlation,string,,,,,,,,[Errno 13] Permission denied: '/scratch'
addneuromed,0.11,0.5,distance_correlation,wgcna,,,,,,,,[Errno 13] Permission denied: '/scratch'
addneuromed,0.22,0.5,distance_correlation,string,,,,,,,,[Errno 13] Permission denied: '/scratch'
addneuromed,0.22,0.5,distance_correlation,wgcna,,,,,,,,[Errno 13] Permission denied: '/scratch'
addneuromed,0.33,0.5,distance_correlation,string,,,,,,,,[Errno 13] Permission denied: '/scratch'
addneuromed,0.33,0.5,distance_correlation,wgcna,,,,,,,,[Errno 13] Permission denied: '/scratch'
addneuromed,0.44,0.5,distance_correlation,string,,,,,,,,[Errno 13] Permission denied: '/scratch'
addneuromed,0.44,0.5,distance_correlation,wgcna,,,,,,,,[Errno 13] Permission denied: '/scratch'
addneuromed,0.56,0.5,distance_correlation,string,,,,,,,,[Errno 13] Permission denied: '/scratch'
addneuromed,0.56,0.5,distance_correlation,wgcna,,,,,,,,[Errno 13] Permission denied: '/scratch'
addneuromed,0.67,0.5,distance_correlation,string,,,,,,,,[Errno 13] Permission denied: '/scratch'
addneuromed,0.67,0.5,distance_correlation,wgcna,,,,,,,,[Errno 13] Permission denied: '/scratch'
addneuromed,0.78,0.5,distance_correlation,string,,,,,,,,[Errno 13] Permission denied: '/scratch'
addneuromed,0.78,0.5,distance_correlation,wgcna,,,,,,,,[Errno 13] Permission denied: '/scratch'
addneuromed,0.89,0.5,distance_correlation,string,,,,,,,,[Errno 13] Permission denied: '/scratch'
addneuromed,0.89,0.5,distance_correlation,wgcna,,,,,,,,[Errno 13] Permission denied: '/scratch'
addneuromed,1.0,0.5,distance_correlation,string,,,,,,,,[Errno 13] Permission denied: '/scratch'
addneuromed,1.0,0.5,distance_correlation,wgcna,,,,,,,,[Errno 13] Permission denied: '/scratch'
addneuromed,0.0,0.3,variance,string,,,,,,,,[Errno 13] Permission denied: '/scratch'
addneuromed,0.0,0.3,variance,wgcna,,,,,,,,[Errno 13] Permission denied: '/scratch'
addneuromed,0.11,0.3,variance,string,,,,,,,,[Errno 13] Permission denied: '/scratch'
addneuromed,0.11,0.3,variance,wgcna,,,,,,,,[Errno 13] Permission denied: '/scratch'
addneuromed,0.22,0.3,variance,string,,,,,,,,[Errno 13] Permission denied: '/scratch'
addneuromed,0.22,0.3,variance,wgcna,,,,,,,,[Errno 13] Permission denied: '/scratch'
addneuromed,0.33,0.3,variance,string,,,,,,,,[Errno 13] Permission denied: '/scratch'
addneuromed,0.33,0.3,variance,wgcna,,,,,,,,[Errno 13] Permission denied: '/scratch'
addneuromed,0.44,0.3,variance,string,,,,,,,,[Errno 13] Permission denied: '/scratch'
addneuromed,0.44,0.3,variance,wgcna,,,,,,,,[Errno 13] Permission denied: '/scratch'
addneuromed,0.56,0.3,variance,string,,,,,,,,[Errno 13] Permission denied: '/scratch'
addneuromed,0.56,0.3,variance,wgcna,,,,,,,,[Errno 13] Permission denied: '/scratch'
addneuromed,0.67,0.3,variance,string,,,,,,,,[Errno 13] Permission denied: '/scratch'
addneuromed,0.67,0.3,variance,wgcna,,,,,,,,[Errno 13] Permission denied: '/scratch'
addneuromed,0.78,0.3,variance,string,,,,,,,,[Errno 13] Permission denied: '/scratch'
addneuromed,0.78,0.3,variance,wgcna,,,,,,,,[Errno 13] Permission denied: '/scratch'
addneuromed,0.89,0.3,variance,string,,,,,,,,[Errno 13] Permission denied: '/scratch'
addneuromed,0.89,0.3,variance,wgcna,,,,,,,,[Errno 13] Permission denied: '/scratch'
addneuromed,1.0,0.3,variance,string,,,,,,,,[Errno 13] Permission denied: '/scratch'
addneuromed,1.0,0.3,variance,wgcna,,,,,,,,[Errno 13] Permission denied: '/scratch'
addneuromed,0.0,0.3,random,string,,,,,,,,[Errno 13] Permission denied: '/scratch'
addneuromed,0.0,0.3,random,wgcna,,,,,,,,[Errno 13] Permission denied: '/scratch'
addneuromed,0.11,0.3,random,string,,,,,,,,[Errno 13] Permission denied: '/scratch'
addneuromed,0.11,0.3,random,wgcna,,,,,,,,[Errno 13] Permission denied: '/scratch'
addneuromed,0.22,0.3,random,string,,,,,,,,[Errno 13] Permission denied: '/scratch'
addneuromed,0.22,0.3,random,wgcna,,,,,,,,[Errno 13] Permission denied: '/scratch'
addneuromed,0.33,0.3,random,string,,,,,,,,[Errno 13] Permission denied: '/scratch'
addneuromed,0.33,0.3,random,wgcna,,,,,,,,[Errno 13] Permission denied: '/scratch'
addneuromed,0.44,0.3,random,string,,,,,,,,[Errno 13] Permission denied: '/scratch'
addneuromed,0.44,0.3,random,wgcna,,,,,,,,[Errno 13] Permission denied: '/scratch'
addneuromed,0.56,0.3,random,string,,,,,,,,[Errno 13] Permission denied: '/scratch'
addneuromed,0.56,0.3,random,wgcna,,,,,,,,[Errno 13] Permission denied: '/scratch'
addneuromed,0.67,0.3,random,string,,,,,,,,[Errno 13] Permission denied: '/scratch'
addneuromed,0.67,0.3,random,wgcna,,,,,,,,[Errno 13] Permission denied: '/scratch'
addneuromed,0.78,0.3,random,string,,,,,,,,[Errno 13] Permission denied: '/scratch'
addneuromed,0.78,0.3,random,wgcna,,,,,,,,[Errno 13] Permission denied: '/scratch'
addneuromed,0.89,0.3,random,string,,,,,,,,[Errno 13] Permission denied: '/scratch'
addneuromed,0.89,0.3,random,wgcna,,,,,,,,[Errno 13] Permission denied: '/scratch'
addneuromed,1.0,0.3,random,string,,,,,,,,[Errno 13] Permission denied: '/scratch'
addneuromed,1.0,0.3,random,wgcna,,,,,,,,[Errno 13] Permission denied: '/scratch'
addneuromed,0.0,0.3,correlation,string,,,,,,,,[Errno 13] Permission denied: '/scratch'
addneuromed,0.0,0.3,correlation,wgcna,,,,,,,,[Errno 13] Permission denied: '/scratch'
addneuromed,0.11,0.3,correlation,string,,,,,,,,[Errno 13] Permission denied: '/scratch'
addneuromed,0.11,0.3,correlation,wgcna,,,,,,,,[Errno 13] Permission denied: '/scratch'
addneuromed,0.22,0.3,correlation,string,,,,,,,,[Errno 13] Permission denied: '/scratch'
addneuromed,0.22,0.3,correlation,wgcna,,,,,,,,[Errno 13] Permission denied: '/scratch'
addneuromed,0.33,0.3,correlation,string,,,,,,,,[Errno 13] Permission denied: '/scratch'
addneuromed,0.33,0.3,correlation,wgcna,,,,,,,,[Errno 13] Permission denied: '/scratch'
addneuromed,0.44,0.3,correlation,string,,,,,,,,[Errno 13] Permission denied: '/scratch'
addneuromed,0.44,0.3,correlation,wgcna,,,,,,,,[Errno 13] Permission denied: '/scratch'
addneuromed,0.56,0.3,correlation,string,,,,,,,,[Errno 13] Permission denied: '/scratch'
addneuromed,0.56,0.3,correlation,wgcna,,,,,,,,[Errno 13] Permission denied: '/scratch'
addneuromed,0.67,0.3,correlation,string,,,,,,,,[Errno 13] Permission denied: '/scratch'
addneuromed,0.67,0.3,correlation,wgcna,,,,,,,,[Errno 13] Permission denied: '/scratch'
addneuromed,0.78,0.3,correlation,string,,,,,,,,[Errno 13] Permission denied: '/scratch'
addneuromed,0.78,0.3,correlation,wgcna,,,,,,,,[Errno 13] Permission denied: '/scratch'
addneuromed,0.89,0.3,correlation,string,,,,,,,,[Errno 13] Permission denied: '/scratch'
addneuromed,0.89,0.3,correlation,wgcna,,,,,,,,[Errno 13] Permission denied: '/scratch'
addneuromed,1.0,0.3,correlation,string,,,,,,,,[Errno 13] Permission denied: '/scratch'
addneuromed,1.0,0.3,correlation,wgcna,,,,,,,,[Errno 13] Permission denied: '/scratch'
addneuromed,0.0,0.3,distance_correlation,string,,,,,,,,[Errno 13] Permission denied: '/scratch'
addneuromed,0.0,0.3,distance_correlation,wgcna,,,,,,,,[Errno 13] Permission denied: '/scratch'
addneuromed,0.11,0.3,distance_correlation,string,,,,,,,,[Errno 13] Permission denied: '/scratch'
addneuromed,0.11,0.3,distance_correlation,wgcna,,,,,,,,[Errno 13] Permission denied: '/scratch'
addneuromed,0.22,0.3,distance_correlation,string,,,,,,,,[Errno 13] Permission denied: '/scratch'
addneuromed,0.22,0.3,distance_correlation,wgcna,,,,,,,,[Errno 13] Permission denied: '/scratch'
addneuromed,0.33,0.3,distance_correlation,string,,,,,,,,[Errno 13] Permission denied: '/scratch'
addneuromed,0.33,0.3,distance_correlation,wgcna,,,,,,,,[Errno 13] Permission denied: '/scratch'
addneuromed,0.44,0.3,distance_correlation,string,,,,,,,,[Errno 13] Permission denied: '/scratch'
addneuromed,0.44,0.3,distance_correlation,wgcna,,,,,,,,[Errno 13] Permission denied: '/scratch'
addneuromed,0.56,0.3,distance_correlation,string,,,,,,,,[Errno 13] Permission denied: '/scratch'
addneuromed,0.56,0.3,distance_correlation,wgcna,,,,,,,,[Errno 13] Permission denied: '/scratch'
addneuromed,0.67,0.3,distance_correlation,string,,,,,,,,[Errno 13] Permission denied: '/scratch'
addneuromed,0.67,0.3,distance_correlation,wgcna,,,,,,,,[Errno 13] Permission denied: '/scratch'
addneuromed,0.78,0.3,distance_correlation,string,,,,,,,,[Errno 13] Permission denied: '/scratch'
addneuromed,0.78,0.3,distance_correlation,wgcna,,,,,,,,[Errno 13] Permission denied: '/scratch'
addneuromed,0.89,0.3,distance_correlation,string,,,,,,,,[Errno 13] Permission denied: '/scratch'
addneuromed,0.89,0.3,distance_correlation,wgcna,,,,,,,,[Errno 13] Permission denied: '/scratch'
addneuromed,1.0,0.3,distance_correlation,string,,,,,,,,[Errno 13] Permission denied: '/scratch'
addneuromed,1.0,0.3,distance_correlation,wgcna,,,,,,,,[Errno 13] Permission denied: '/scratch'
